id,first_name,last_name,email,gender,column1,column2,column3,column4,column5,column6,column7,column8
1,Greg,Nobes,gnobes0@webnode.com,Male,205.74.149.145,137.13.99.209,115.15.91.74,198.230.28.80,225.253.228.32,121.148.237.125,85.178.87.105,42.40.186.162
2,Clovis,Andrzejewski,candrzejewski1@myspace.com,Female,161.26.97.239,255.187.94.44,44.43.21.26,142.205.177.58,40.114.144.101,204.180.55.235,164.118.7.237,62.122.125.121
3,Craggy,Jurzyk,cjurzyk2@bandcamp.com,Male,230.4.48.21,195.25.204.191,180.25.135.166,60.41.26.165,243.179.193.187,52.214.223.133,57.29.6.101,91.192.119.140
4,Esmeralda,Pawnsford,epawnsford3@t.co,Female,183.92.108.59,199.10.229.249,172.145.55.252,219.85.217.170,104.96.41.245,215.175.75.71,241.5.117.214,75.168.135.249
5,Hilly,Scotchbourouge,hscotchbourouge4@umich.edu,Male,10.81.25.19,49.127.178.190,87.43.111.98,118.178.199.60,254.210.123.240,227.46.104.2,197.98.156.246,81.239.51.82
6,Jonas,Alastair,jalastair5@themeforest.net,Male,172.34.97.19,64.166.38.162,101.248.6.41,212.74.83.174,178.63.115.78,71.178.55.227,221.32.219.69,230.13.81.134
7,Salomo,Breinl,sbreinl6@tuttocitta.it,Agender,90.200.58.111,193.89.253.227,153.63.40.59,196.162.165.209,249.98.204.203,208.117.53.60,57.61.150.168,5.40.129.176
8,Lucia,Curbishley,lcurbishley7@cocolog-nifty.com,Female,38.68.119.108,241.195.109.122,218.231.138.184,7.247.19.49,89.38.95.39,242.53.66.204,254.193.4.74,39.239.22.157
9,Gerhardt,Gercken,ggercken8@clickbank.net,Male,237.24.27.97,53.56.79.230,54.100.189.9,9.16.238.90,63.21.56.143,250.251.107.151,134.147.63.56,97.53.31.138
10,Felicia,Dunkinson,fdunkinson9@symantec.com,Non-binary,41.158.113.6,132.47.170.112,18.75.89.91,186.167.71.247,40.221.80.228,187.222.34.205,207.192.133.58,117.0.194.23
11,Elden,Espinay,eespinaya@storify.com,Male,255.47.251.54,39.249.241.66,22.187.78.225,153.24.136.19,71.108.152.239,121.239.78.243,177.217.220.232,40.143.147.148
12,Ricky,Pratte,rpratteb@hostgator.com,Male,235.141.241.193,172.60.77.106,120.240.202.232,251.48.188.97,231.69.133.109,175.83.44.140,29.110.3.248,96.210.41.162
13,Evy,Beasley,ebeasleyc@flickr.com,Non-binary,33.47.211.27,213.212.207.223,11.140.91.207,192.47.242.24,17.162.201.164,95.234.244.132,173.195.15.9,153.7.61.200
14,Dorie,De Zamudio,ddezamudiod@ovh.net,Male,159.95.28.166,100.38.68.255,230.221.199.189,206.203.16.205,111.74.112.71,22.248.97.74,59.90.138.64,184.245.101.80
15,Stephie,Burberow,sburberowe@prnewswire.com,Female,208.92.73.43,152.131.19.27,149.31.213.32,82.230.112.191,221.41.124.254,53.167.81.85,164.201.171.210,190.57.146.240
16,Burnard,Ingleston,binglestonf@tamu.edu,Male,196.97.61.149,33.31.100.97,180.244.153.189,15.15.197.45,208.196.242.92,202.26.220.243,78.163.2.86,44.118.46.72
17,Edi,Girardengo,egirardengog@hubpages.com,Female,160.119.98.65,86.77.209.235,230.89.161.185,142.226.152.125,35.114.217.129,40.202.11.164,142.94.94.224,241.80.147.34
18,Crosby,Wanstall,cwanstallh@behance.net,Male,15.206.141.176,187.83.0.42,74.126.124.129,126.92.147.27,142.209.67.117,49.38.147.41,183.134.132.235,79.168.151.32
19,Jonell,Lydiatt,jlydiatti@soup.io,Female,152.47.75.154,251.143.225.126,1.240.190.203,52.128.192.76,94.195.74.98,219.170.51.72,191.173.117.176,144.109.153.227
20,Guinevere,Kindleside,gkindlesidej@seesaa.net,Female,51.184.149.106,19.113.57.218,220.19.89.64,189.55.88.157,8.169.223.144,185.49.6.91,141.121.211.39,84.170.55.224
21,Cortney,Dickins,cdickinsk@bbc.co.uk,Female,43.177.132.111,54.149.175.64,15.207.31.99,147.135.129.133,115.106.28.146,94.74.48.201,27.166.181.251,50.66.10.113
22,Welch,Vella,wvellal@prnewswire.com,Male,32.216.227.163,87.241.41.74,181.8.32.51,10.110.185.133,175.117.126.252,6.89.79.16,148.6.130.97,246.74.117.191
23,Alexi,Stearnes,astearnesm@nhs.uk,Female,137.0.243.233,80.209.161.197,129.36.198.92,26.119.223.115,21.244.170.61,3.72.88.86,66.64.73.209,170.248.152.192
24,Piotr,Holdin,pholdinn@vistaprint.com,Male,198.198.20.135,161.89.82.17,55.96.144.252,17.183.99.140,180.168.113.89,0.2.60.100,99.78.247.137,160.125.15.226
25,Robina,Bondesen,rbondeseno@so-net.ne.jp,Female,160.207.173.144,30.118.106.60,97.155.207.47,54.148.72.181,197.2.166.60,86.199.244.173,165.69.167.62,137.115.70.186
26,Nelle,Boadby,nboadbyp@icq.com,Female,88.129.151.114,85.73.18.105,177.69.108.150,87.239.132.248,242.41.6.138,118.81.209.73,58.24.175.148,29.33.237.79
27,Louie,Pepon,lpeponq@howstuffworks.com,Male,41.231.143.165,83.241.190.186,171.174.81.92,32.249.40.200,1.167.224.217,101.146.0.28,254.222.214.99,76.141.60.68
28,Frieda,Lunn,flunnr@constantcontact.com,Female,42.78.158.250,101.77.226.90,142.136.115.168,238.31.54.16,218.77.190.186,224.115.248.159,78.55.14.211,43.93.133.241
29,Kamila,Trounson,ktrounsons@360.cn,Female,213.16.129.71,243.170.4.204,3.90.94.22,145.135.206.170,172.142.137.151,172.54.62.129,3.21.142.82,169.102.59.151
30,George,McSperrin,gmcsperrint@ning.com,Female,139.194.57.112,133.51.59.148,175.165.244.109,53.111.153.206,169.49.176.66,35.35.185.53,233.13.40.126,224.31.208.120
31,Michelle,Jacks,mjacksu@telegraph.co.uk,Female,211.110.44.243,252.149.45.53,245.16.244.226,204.194.11.33,100.126.233.137,40.218.71.236,30.96.170.145,231.175.201.59
32,Kerr,Margrett,kmargrettv@360.cn,Male,75.183.220.248,253.220.88.123,199.154.180.201,206.49.73.175,245.67.48.78,234.122.91.123,82.212.228.141,3.193.105.116
33,Tab,Edelston,tedelstonw@ucsd.edu,Male,181.185.141.3,36.170.250.47,186.75.116.53,205.63.129.210,78.161.37.140,6.53.107.67,205.132.235.213,137.27.204.230
34,Marja,Artin,martinx@about.me,Female,43.164.141.7,121.24.94.123,215.69.228.202,100.138.132.192,41.66.38.29,184.110.40.219,69.37.172.76,104.151.152.253
35,Jerrold,Goodwin,jgoodwiny@businesswire.com,Male,174.124.46.28,108.160.230.250,37.100.96.172,178.95.64.120,40.169.68.97,127.181.204.38,80.79.86.175,106.16.209.107
36,Norrie,Jobke,njobkez@php.net,Genderqueer,253.223.58.18,198.53.37.227,211.211.243.75,99.92.29.12,66.223.34.237,217.47.106.37,43.14.218.18,82.134.176.79
37,Grace,Plumer,gplumer10@goo.ne.jp,Female,81.180.115.210,39.44.114.133,155.121.43.214,87.248.131.143,170.236.50.160,54.32.44.245,215.195.117.107,222.19.235.228
38,Denny,Dransfield,ddransfield11@freewebs.com,Male,244.205.130.231,156.21.224.7,245.173.169.107,39.71.145.58,4.52.239.154,231.211.140.211,230.46.228.55,91.225.194.11
39,Massimiliano,Olivetta,molivetta12@issuu.com,Male,226.133.59.49,238.134.164.166,44.67.116.239,221.148.173.186,83.73.219.103,200.220.136.1,47.201.157.231,221.213.128.16
40,Decca,McNirlan,dmcnirlan13@multiply.com,Male,63.216.182.32,29.236.30.69,54.235.117.147,28.79.175.222,129.46.113.6,220.157.136.96,139.99.121.124,15.169.203.180
41,Erik,Dummigan,edummigan14@ft.com,Male,125.99.202.21,56.31.78.203,202.119.209.222,255.25.134.105,242.61.82.212,75.108.190.33,204.208.53.63,187.112.47.64
42,Lillian,Stoyle,lstoyle15@weebly.com,Female,240.37.85.86,116.10.223.144,114.112.123.244,91.39.243.201,138.229.112.193,73.22.65.25,191.214.108.248,40.252.118.131
43,Matias,Hiskey,mhiskey16@latimes.com,Polygender,154.84.75.56,197.184.2.173,56.233.139.25,216.98.217.160,229.136.66.59,13.89.166.209,183.168.33.140,147.250.183.207
44,Banky,Weekland,bweekland17@eventbrite.com,Male,192.9.236.39,241.21.233.188,104.183.250.66,200.129.82.209,60.167.24.101,177.129.94.48,92.181.24.202,133.168.194.143
45,Edwina,Skeen,eskeen18@qq.com,Female,6.222.156.14,15.88.169.31,28.187.212.94,128.21.9.239,109.145.104.172,86.229.40.64,78.24.124.15,53.231.204.251
46,Julee,Barday,jbarday19@twitpic.com,Female,229.15.40.38,234.196.206.20,79.86.88.48,22.117.85.21,84.199.155.141,116.190.9.51,254.216.47.184,186.127.69.150
47,Neddy,Pywell,npywell1a@mayoclinic.com,Male,180.202.243.231,182.184.240.167,3.241.169.156,32.44.214.69,148.22.50.96,213.245.154.155,228.143.241.254,47.193.254.48
48,Angel,Jahn,ajahn1b@simplemachines.org,Male,116.159.33.28,25.252.168.203,55.17.174.116,78.179.205.3,183.53.135.3,58.31.133.122,178.133.26.203,159.217.217.156
49,Denise,Bewshaw,dbewshaw1c@cloudflare.com,Female,33.229.194.111,77.91.202.47,247.168.200.207,119.228.121.81,99.251.7.254,226.189.226.203,248.135.168.136,234.120.22.229
50,Berta,Gooddie,bgooddie1d@usnews.com,Female,7.91.126.120,196.9.30.97,171.221.135.173,121.170.236.28,85.66.193.180,129.239.47.102,18.235.204.113,86.177.57.35
51,Gram,Poll,gpoll1e@1688.com,Male,17.89.83.166,144.90.68.148,79.182.229.78,246.164.78.229,119.159.16.231,252.178.52.244,242.231.219.182,245.186.113.105
52,Vaughn,Eagleton,veagleton1f@oaic.gov.au,Male,241.148.68.108,251.239.224.124,154.54.136.238,239.76.228.110,49.141.110.73,239.11.223.48,239.10.19.173,113.72.89.251
53,Gwennie,Egle of Germany,gegleofgermany1g@wikia.com,Bigender,69.237.237.197,211.76.37.141,237.248.55.81,78.97.255.58,104.42.131.163,137.245.152.220,42.241.205.192,144.117.240.44
54,Huey,Cockland,hcockland1h@berkeley.edu,Male,105.55.83.113,46.235.32.119,66.31.49.224,41.163.173.220,43.38.40.30,158.194.30.133,73.69.235.212,95.233.120.46
55,Fairfax,Foston,ffoston1i@howstuffworks.com,Male,240.221.237.23,179.247.238.147,214.65.124.190,185.168.198.101,193.54.204.168,45.244.57.53,169.212.209.114,95.134.224.0
56,Elden,Adriaens,eadriaens1j@dagondesign.com,Male,149.152.24.202,17.162.59.179,3.41.235.177,0.205.216.237,170.69.166.170,16.176.146.29,134.3.148.98,183.212.71.133
57,Milton,Tippett,mtippett1k@topsy.com,Polygender,39.229.227.45,140.33.178.214,219.212.118.112,6.194.119.49,34.41.6.108,94.144.12.32,23.73.145.146,80.216.10.45
58,Vaughan,Ortega,vortega1l@cnet.com,Male,61.158.174.226,3.209.180.49,40.12.148.27,30.195.180.198,99.58.110.53,227.213.188.111,250.2.48.209,240.153.2.92
59,Winslow,Setter,wsetter1m@statcounter.com,Male,49.85.37.137,236.254.28.232,231.131.42.21,217.71.212.152,250.121.223.99,97.188.142.66,36.190.68.14,88.111.127.149
60,Howey,Lautie,hlautie1n@trellian.com,Male,43.203.21.168,147.191.139.171,94.157.161.226,25.118.76.74,184.218.241.244,151.186.49.191,94.31.98.66,12.253.185.241
61,Ingeberg,Hrycek,ihrycek1o@dailymotion.com,Female,164.52.55.83,137.112.204.138,200.196.191.71,138.96.126.109,141.75.46.55,73.234.128.174,178.236.255.200,250.156.251.83
62,Mimi,Crowter,mcrowter1p@arizona.edu,Female,42.48.15.1,255.38.181.246,50.87.196.190,116.10.69.160,134.181.143.208,106.92.119.223,92.233.43.106,95.156.221.49
63,Clark,Clotworthy,cclotworthy1q@123-reg.co.uk,Male,171.137.209.162,248.34.137.166,86.126.244.64,156.5.212.22,64.67.18.26,66.244.202.182,225.140.252.140,52.4.152.57
64,Karna,Aspital,kaspital1r@aol.com,Female,49.35.109.222,129.26.229.39,206.89.85.184,228.193.240.149,235.116.43.241,190.224.59.163,93.209.161.135,236.53.194.91
65,Hannis,Compston,hcompston1s@dailymail.co.uk,Female,138.5.252.83,188.142.63.25,2.25.178.177,158.88.41.193,157.5.175.60,206.27.99.169,113.203.56.13,38.34.132.154
66,Amery,Cloughton,acloughton1t@mozilla.org,Male,69.192.217.249,103.230.140.244,0.112.43.194,145.148.189.42,187.35.126.92,29.124.97.197,192.96.195.131,166.123.213.51
67,Flint,Nelles,fnelles1u@kickstarter.com,Male,69.18.245.187,106.220.188.21,83.76.30.172,30.66.199.92,181.157.46.190,102.110.191.43,44.145.62.147,102.53.11.80
68,Agnola,Stobo,astobo1v@craigslist.org,Female,214.187.156.42,124.5.47.22,127.23.147.140,32.8.151.114,117.154.192.218,92.192.24.88,81.6.229.122,30.205.166.158
69,Isaac,Coytes,icoytes1w@ezinearticles.com,Male,166.130.115.83,125.222.233.196,147.130.214.171,84.101.52.193,47.102.1.43,197.30.73.238,160.7.79.42,145.96.161.47
70,Rufe,Broxup,rbroxup1x@timesonline.co.uk,Male,8.9.11.168,205.77.100.0,49.248.54.69,196.198.242.99,34.62.15.154,183.5.99.11,59.1.254.250,79.200.203.141
71,Bartie,Hiddersley,bhiddersley1y@netvibes.com,Male,205.29.174.151,49.196.29.237,165.154.175.227,81.182.14.219,208.9.44.94,11.111.155.61,244.106.42.43,158.25.234.216
72,Whitman,Wallice,wwallice1z@google.com.au,Male,235.35.151.54,48.10.51.86,74.154.150.2,178.108.51.117,124.134.202.162,22.73.89.169,171.48.193.27,36.63.10.198
73,Lemar,Loch,lloch20@dedecms.com,Male,117.155.179.243,25.112.132.59,231.45.71.34,63.52.116.108,94.25.222.42,33.51.156.122,210.44.11.176,114.70.29.6
74,Jarad,Archard,jarchard21@creativecommons.org,Male,68.7.93.227,14.76.204.65,247.252.151.222,47.86.79.92,55.146.221.118,32.57.117.52,181.175.184.130,86.5.142.95
75,Tessi,Basil,tbasil22@networkadvertising.org,Female,105.228.164.175,109.135.138.67,24.167.114.62,58.234.174.73,106.22.234.253,87.139.238.10,80.48.198.169,151.144.178.203
76,Marwin,Leyes,mleyes23@businesswire.com,Male,102.92.167.81,65.56.59.54,163.173.244.190,172.172.56.148,67.84.7.197,155.34.108.84,56.227.38.193,56.82.221.63
77,Reed,Crutcher,rcrutcher24@example.com,Male,42.254.115.87,4.241.215.240,46.226.177.117,177.106.30.130,39.149.22.129,136.17.250.22,109.142.87.92,64.237.93.191
78,Hynda,Sculley,hsculley25@parallels.com,Agender,238.48.105.164,253.153.123.0,57.157.96.180,188.24.115.84,61.219.81.94,84.64.150.130,15.212.233.6,249.164.125.49
79,Athene,Abramowitz,aabramowitz26@goo.gl,Female,120.159.239.14,94.175.201.191,26.170.72.194,82.19.112.118,145.193.159.95,120.126.72.74,4.64.44.129,124.233.66.41
80,Goldina,Jory,gjory27@wikispaces.com,Female,7.148.75.36,38.64.64.88,243.51.74.41,7.202.203.41,45.56.76.166,231.196.85.50,213.134.249.3,10.105.242.145
81,Ardella,Mingo,amingo28@ebay.com,Female,225.186.77.151,78.129.251.56,179.65.121.107,46.6.165.234,174.79.228.145,162.148.116.69,196.52.193.253,43.113.185.39
82,Sheryl,Lummus,slummus29@list-manage.com,Female,86.100.192.80,150.240.213.249,111.64.196.141,223.200.67.94,62.107.72.73,132.205.166.80,19.40.29.89,139.84.212.158
83,Briney,Conor,bconor2a@wisc.edu,Female,252.135.177.30,184.221.34.29,144.152.65.10,231.236.197.108,164.25.219.150,123.46.83.64,197.158.234.210,92.95.103.24
84,Gabriela,Libbie,glibbie2b@ucoz.com,Female,254.140.131.27,49.34.46.98,46.141.133.72,208.166.205.115,26.215.68.58,48.222.59.111,229.26.37.109,252.104.242.202
85,Allyn,Denington,adenington2c@e-recht24.de,Male,125.5.104.147,44.210.185.33,56.61.172.58,179.25.153.128,54.46.86.231,154.130.36.69,170.64.117.73,216.7.147.5
86,Vivien,Guy,vguy2d@mlb.com,Female,21.71.221.244,169.99.236.34,183.91.243.156,223.190.121.40,219.227.92.7,237.4.238.70,201.94.219.192,93.51.170.28
87,Davey,Wakelam,dwakelam2e@pcworld.com,Male,71.10.66.85,120.13.172.14,165.71.126.34,180.160.115.245,76.107.152.14,14.75.64.27,195.220.170.67,223.208.72.12
88,Quentin,Shaw,qshaw2f@ehow.com,Male,75.161.0.57,128.215.202.178,119.21.234.172,0.75.175.227,67.47.64.15,212.176.130.110,85.251.180.174,255.177.127.167
89,Normie,Yerbury,nyerbury2g@phoca.cz,Male,201.213.252.108,109.97.62.129,142.76.171.8,222.112.202.27,193.231.147.35,243.21.10.95,158.86.46.167,103.78.191.126
90,Claybourne,McGrail,cmcgrail2h@alibaba.com,Male,61.178.237.190,174.138.135.130,253.43.202.52,224.196.146.207,238.223.175.103,254.164.142.96,160.39.118.101,30.156.90.134
91,Adelheid,Elion,aelion2i@paypal.com,Agender,225.181.184.191,145.127.210.157,242.120.33.81,222.216.165.127,32.221.9.112,240.144.19.125,69.72.84.252,190.161.151.36
92,Ardis,Weyman,aweyman2j@shareasale.com,Female,97.224.88.16,225.71.216.164,58.76.176.163,198.122.203.11,25.6.78.77,42.3.204.46,246.84.236.209,253.87.25.218
93,Wilek,Robet,wrobet2k@disqus.com,Male,112.132.22.51,22.114.191.146,27.254.37.13,229.200.222.43,42.153.141.154,96.103.11.141,42.47.44.85,72.136.183.196
94,Lucius,Rontree,lrontree2l@ebay.com,Male,44.184.47.124,215.141.186.243,27.102.110.170,129.206.109.2,89.220.163.232,191.118.5.245,47.62.140.97,181.102.176.202
95,Allix,Tomasello,atomasello2m@facebook.com,Female,54.28.37.200,142.24.83.5,32.153.166.155,117.186.71.137,81.194.48.232,208.243.94.157,106.238.62.227,162.209.0.173
96,Renato,Grigaut,rgrigaut2n@sitemeter.com,Male,222.126.61.39,38.154.93.59,192.0.67.230,32.102.125.154,55.149.54.35,84.135.14.115,56.156.112.94,171.32.130.53
97,Grayce,Grigoire,ggrigoire2o@deviantart.com,Female,229.80.204.229,43.196.55.139,238.191.24.216,149.242.143.174,222.61.11.166,41.107.198.200,154.158.61.92,225.129.112.246
98,Nissa,Cater,ncater2p@4shared.com,Female,250.180.92.142,2.245.206.205,53.100.94.187,126.178.103.131,93.28.110.180,185.5.102.147,174.151.58.37,98.166.191.254
99,Samuel,Bonallick,sbonallick2q@yahoo.com,Male,162.212.61.72,191.68.67.62,110.87.255.172,206.115.248.242,183.138.145.172,153.119.33.203,177.24.217.186,164.20.84.30
100,Loretta,Clemmett,lclemmett2r@w3.org,Female,95.69.11.244,116.165.132.25,87.74.170.95,32.165.232.130,215.176.146.218,61.231.197.106,49.85.77.88,21.104.176.127
